,Centroide_Precio,Centroide_Disponibilidad,Centroide_Calificacion
0,241.63620071684446,330.8494623655908,2.494623655913979
1,122.07446808510636,70.47135842880849,2.5630114566284785
2,1594.4285714285713,171.14285714285714,2.642857142857143
3,565.938053097344,202.88495575221236,2.5309734513274336
4,101.8203991130799,320.9340354767188,2.487250554323726
