,Centroide_Edad,Centroide_Gasto,Centroide_Motivo
0,45.84821428571424,81.50637755101823,8.146045918367347
1,49.06,685.4133333333323,6.553333333333335
2,46.90774299835256,288.280065897858,8.518945634266888
3,59.909090909090914,2591.272727272728,7.0
4,47.0,1564.5999999999995,8.514285714285714
