,Centroide_Precio,Centroide_Calificacion,Centroide_Tipo
0,22.6875,4.425,8.375
1,18.066666666666666,4.32,3.6
2,27.125,4.3,5.5625
3,14.0,4.445454545454545,8.818181818181818
4,11.250000000000002,4.3625,3.5000000000000004
